758655113221189632	2	5	n't	Retirement	1	0
758655113221189632	2	8	n't	Happy	1	0
806156505330360322	2	3	fucking	love	2	1
797487919711879169	4	10	some	happiness	3	0
797487919711879169	4	11	some	challenge	3	0
805549961563648000	7	2	so	promise	2	0
725895033371648000	15	8	n't	Trump	1	0
725895033371648000	15	10	n't	trash	1	0
725807079756324868	1	2	Absolutely	shocking	2	1
725807079756324868	1	12	Absolutely	honest	2	0
793672926373502976	3	13	n't	true	1	0
793672926373502976	3	16	n't	grieve	1	0
793672926373502976	12	13	very	true	2	1
793672926373502976	12	16	very	grieve	2	0
726433670727356416	8	14	Dont	joy	1	0
751587585315790849	14	15	not	worry	1	1
751587585315790849	14	5	not	true	1	0
717731836621762561	3	4	more	love	2	1
767902456869113856	3	4	really	dark	2	1
767902456869113856	3	19	really	Critter	2	0
767902456869113856	7	4	some	dark	3	0
767902456869113856	7	19	some	Critter	3	0
759152150446501888	1	2	So	happy	2	1
784466014981464065	7	2	Not	curse	1	0
784466014981464065	7	4	Not	bad	1	0
784466014981464065	7	5	Not	luck	1	0
767721390510338048	3	15	n't	greatness	1	0
759591287750361088	11	6	n't	Disease	1	0
793962522181337092	11	25	not	trauma	1	0
729537932143562753	1	3	Some	happiness	3	0
780499397767561216	19	23	Never	Love	1	0
742914010488668161	15	16	more	love	2	1
733020038773510145	11	13	not	sweet	1	1
737150610965856256	11	7	So	splash	2	0
737150610965856256	11	9	So	goodness	2	0
737150610965856256	11	12	So	thankful	2	1
789915411986907136	2	9	dont	true	1	0
789915411986907136	2	10	dont	love	1	0
771368866228297729	11	1	more	Feeling	2	0
758514837282488320	4	8	thoroughly	DEVIL	2	0
758514837282488320	4	10	thoroughly	NIGHTMARE	2	0
714658805691252736	6	3	no	Trump	1	0
746814109140713472	4	17	n't	lower	1	0
774605374561325056	8	11	very	friend	2	0
800356369387945985	9	11	n't	criticism	1	0
800356369387945985	12	11	without	criticism	1	0
762954232370634752	3	8	so	mess	2	0
762954232370634752	19	8	really	mess	2	0
762954232370634752	22	8	lot	mess	2	0
762954232370634752	18	8	n't	mess	1	0
775745852182712320	5	14	no	break	1	0
775745852182712320	10	14	really	break	2	0
718331683750158336	1	10	Never	evacuate	1	0
718331683750158336	1	12	Never	grab	1	0
750547784491790337	5	13	so	finally	2	0
796055901543206912	9	14	massive	found	2	0
796055901543206912	9	15	massive	Giant	2	0
723878570901250048	2	5	n't	good	1	0
768950071320801282	11	16	lot	morals	2	0
716975026965188609	2	3	n't	waste	1	1
761160062022914049	1	3	Not	happy	1	1
761160062022914049	2	3	so	happy	2	0
743204534936297473	2	7	more	happy	2	0
798529780492750848	4	5	n't	loyal	1	1
798529780492750848	4	10	n't	shit	1	0
772942223809843200	5	8	n't	adoration	1	1
792070939152310273	4	5	Real	Villain	2	1
792070939152310273	4	8	Real	Horror	2	0
779874602126307328	5	1	not	Happiness	1	0
779874602126307328	5	7	not	destination	1	1
803482965791555584	3	4	n't	laugh	1	1
803482965791555584	3	16	n't	happiness	1	0
803482965791555584	3	22	n't	smile	1	0
803482965791555584	13	16	so	happiness	2	0
803482965791555584	13	22	so	smile	2	0
733441429498781696	15	9	Not	Trump	1	0
733441429498781696	15	13	Not	surprised	1	1
733441429498781696	15	1	Not	OMG	1	0
733441429498781696	16	1	really	OMG	2	0
733441429498781696	16	9	really	Trump	2	0
733441429498781696	16	13	really	surprised	2	0
761843569594343424	6	4	super	happiness	2	0
750711444015050752	8	10	some	good	3	0
750711444015050752	8	17	some	surprised	3	0
750711444015050752	13	10	Not	good	1	0
750711444015050752	13	17	Not	surprised	1	1
798020317398462464	1	3	Almost	excited	3	1
798020317398462464	1	11	Almost	share	3	0
731515781507371010	3	7	no	grieve	1	0
731515781507371010	10	7	n't	grieve	1	0
740219787045920769	2	5	never	success	1	0
790782951818526720	3	1	not	Anger	1	0
790782951818526720	3	5	not	good	1	1
791488371612876801	3	4	more	successful	2	1
791488371612876801	3	10	more	successful	2	0
791488371612876801	9	4	more	successful	2	0
791488371612876801	9	10	more	successful	2	1
789467283081011200	8	2	n't	love	1	0
766466436873097216	21	2	n't	receiving	1	0
766466436873097216	21	16	n't	WONDERFUL	1	0
730339179582914561	3	5	never	late	1	1
730339179582914561	3	9	never	happy	1	0
730339179582914561	3	10	never	childhood	1	0
786931831811739648	11	4	not	gift	1	0
729025608194400256	13	4	more	smile	2	0
761769359920332800	7	10	really	sad	2	1
770772259367780352	13	9	not	surprise	1	0
770772259367780352	13	16	not	guess	1	1
782620732933173252	2	1	Little	Happy	3	0
791551384781021184	4	19	so	glad	2	0
791551384781021184	18	19	very	glad	2	1
786123730804051968	2	7	more	happy	2	0
771143853512331265	14	7	n't	difficult	1	0
771143853512331265	14	21	n't	laugh	1	0
778248131825762304	3	17	n't	admirable	1	0
789007516298534912	2	3	n't	worry	1	1
789007516298534912	2	5	n't	happy	1	0
740277945390878720	15	7	little	sad	3	0
740277945390878720	16	7	bit	sad	3	0
786619584866455556	8	4	not	birthday	1	0
786619584866455556	8	9	not	excited	1	1
786619584866455556	8	12	not	older	1	0
733661117420077056	4	5	not	wasting	1	1
733661117420077056	12	5	n't	wasting	1	0
788002732707766273	3	5	bit	love	3	1
760312791873925121	3	2	super	love	2	0
775878366763241474	4	12	some	hell	3	0
775878366763241474	4	20	some	love	3	0
775878366763241474	5	12	more	hell	2	0
775878366763241474	5	20	more	love	2	0
716032284978253824	1	2	Some	birthday	3	0
798276979929673729	3	8	so	kind	2	0
751521174677549056	4	5	really	sad	2	1
751521174677549056	4	22	really	rogue	2	0
751521174677549056	4	24	really	sad	2	0
751521174677549056	4	31	really	lose	2	0
751521174677549056	19	5	few	sad	3	0
751521174677549056	19	11	few	Good	3	0
751521174677549056	19	22	few	rogue	3	0
751521174677549056	19	31	few	lose	3	0
751521174677549056	26	5	Nobody	sad	1	0
751521174677549056	26	11	Nobody	Good	1	0
751521174677549056	26	22	Nobody	rogue	1	0
751521174677549056	26	31	Nobody	lose	1	0
751548170857902080	1	2	Super	lucky	2	1
794871813301997568	19	5	nothing	shot	1	0
794871813301997568	19	21	nothing	ridicule	1	0
761453698576969728	2	3	n't	cry	1	1
761453698576969728	2	4	n't	baby	1	1
797745539613949952	10	11	super	excited	2	1
769355830969901056	1	3	Never	afraid	1	1
728010116184694784	7	9	so	shit	2	1
784891881930928128	19	13	so	case	2	0
784891881930928128	19	20	so	good	2	1
798725341325967364	1	4	Never	fear	1	1
762001550793289728	4	5	n't	hate	1	1
800829102987034624	1	2	So	thankful	2	1
800829102987034624	1	17	So	Awful	2	0
800829102987034624	1	28	So	homeless	2	0
800829102987034624	22	2	Not	thankful	1	0
800829102987034624	22	17	Not	Awful	1	0
800829102987034624	22	28	Not	homeless	1	0
796326564661035008	3	5	not	dull	1	1
780837676635328513	4	1	So	Amen	2	0
780837676635328513	4	6	So	true	2	1
780837676635328513	5	1	very	Amen	2	0
780837676635328513	5	6	very	true	2	1
806400492146397184	4	3	never	depression	1	0
791929498526711809	2	6	n't	true	1	0
791929498526711809	2	7	n't	friend	1	0
772615524836642816	13	2	n't	content	1	0
772615524836642816	13	8	n't	change	1	0
806151433020178432	14	8	n't	fear	1	0
751491258410004481	1	2	Absolutely	loving	2	1
751491258410004481	1	5	Absolutely	feeling	2	0
751491258410004481	1	6	Absolutely	ALIVE	2	0
793130836925173760	7	3	More	earthquake	2	0
793130836925173760	7	3	More	earthquake	2	0
745789490526986240	3	4	not	bad	1	1
719102744347455488	9	1	not	Feeling	1	0
719102744347455488	9	7	not	change	1	0
795829501506633729	7	3	so	laughing	2	0
795829501506633729	7	8	so	playful	2	1
758097415505256448	4	6	not	greedy	1	1
716719286635642880	18	13	so	Happy	2	0
716719286635642880	18	22	so	love	2	0
744441803827339264	21	13	never	lucky	1	0
802352027120517121	6	8	More	Happiness	2	1
715667534490558464	11	4	really	bad	2	0
747884285626032128	3	4	not	feeling	1	1
747884285626032128	3	8	not	happiness	1	0
797951035343978497	3	2	never	birthday	1	0
797951035343978497	3	10	never	luck	1	0
761033715657039872	13	6	lot	friend	2	0
761033715657039872	13	16	lot	love	2	0
796563536231202816	7	1	not	Wan	1	0
796563536231202816	7	8	not	lonely	1	1
796587550425174020	11	6	more	happiness	2	0
772075934442659844	3	5	not	attack	1	1
794972998944100352	6	18	so	bad	2	0
794972998944100352	10	18	n't	bad	1	0
763874719812554752	8	1	n't	Love	1	0
802204492737478656	3	2	little	lovely	3	0
802204492737478656	3	8	little	happy	3	0
750915820977582081	4	5	so	excited	2	1
750915820977582081	4	7	so	proud	2	1
763621182792867841	12	14	SO	DIFFICULT	2	1
763621182792867841	13	14	FREAKING	DIFFICULT	2	1
763621182792867841	12	5	SO	good	2	0
763621182792867841	13	5	FREAKING	good	2	0
794534166104829952	2	3	n't	worry	1	1
794534166104829952	2	5	n't	Happy	1	0
734474287223037952	3	4	never	hit	1	1
734474287223037952	11	4	n't	hit	1	0
806322674960044032	2	3	so	disappointed	2	1
806322674960044032	11	3	almost	disappointed	3	0
806322674960044032	14	3	not	disappointed	1	0
756923253688369152	1	2	Really	wan	2	1
732227399732072448	4	6	so	beautiful	2	1
732227399732072448	4	10	so	happy	2	0
732227399732072448	4	14	so	Unknown	2	0
750420301482192896	2	5	Bit	Dark	3	1
783289684831023104	4	3	SO	feeling	2	0
773288590306516993	4	5	so	sick	2	1
773288590306516993	17	5	dead	sick	2	0
740113772610740225	4	11	so	sun	2	0
784902138015154176	5	6	some	scream	3	1
784902138015154176	9	6	some	scream	3	0
768142420496281600	9	10	so	damn	2	1
768142420496281600	9	11	so	pretty	2	1
768142420496281600	14	10	no	damn	1	0
768142420496281600	14	11	no	pretty	1	0
795807405346955264	10	12	not	gun	1	1
783697509709385729	4	5	so	afraid	2	1
790370559938834433	19	22	n't	limited	1	0
752036498799681536	8	3	n't	hit	1	0
773289730733735940	4	5	not	fearless	1	1
760416133778382848	4	5	not	enforce	1	1
760416133778382848	4	9	not	rule	1	0
721383119459328002	2	10	n't	drown	1	0
780900421606989824	1	2	So	excited	2	1
762475430754471937	4	6	n't	paralyzed	1	1
762475430754471937	4	10	n't	failure	1	0
762475430754471937	14	6	never	paralyzed	1	0
762475430754471937	14	10	never	failure	1	0
753005176420724736	9	10	so	fragile	2	1
753005176420724736	9	14	so	afraid	2	0
791650700258410500	4	7	So	Loss	2	0
791650700258410500	5	7	Deeply	Loss	2	1
738240502928052224	3	11	n't	crazy	1	0
753228294422663168	19	21	lack	respect	1	1
732571581755621376	3	6	n't	negative	1	0
732571581755621376	3	11	n't	spoil	1	0
732571581755621376	3	14	n't	good	1	0
729805094200315904	5	1	so	OMG	2	0
729805094200315904	5	6	so	excited	2	1
729805094200315904	5	9	so	cracked	2	0
729805094200315904	24	1	so	OMG	2	0
729805094200315904	24	6	so	excited	2	0
729805094200315904	5	21	so	Omg	2	0
759081144067297280	9	10	so	fun	2	1
792334457965539328	5	3	cant	fear	1	0
756236814491480064	20	21	SO	badly	2	1
783005219521171464	6	7	So	dark	2	1
719221901919404032	1	6	Never	food	1	0
719221901919404032	5	6	without	food	1	1
786301069500395520	4	8	n't	chance	1	0
753291275537936384	13	11	so	Hilarious	2	0
753291275537936384	13	14	so	true	2	1
716356864049549312	1	3	Not	lucky	1	1
746085427082371072	2	5	least	finally	3	0
755239577711816704	3	4	so	heartless	2	1
755239577711816704	3	11	so	hurt	2	0
755239577711816704	3	13	so	loving	2	0
753881746618261504	2	3	n't	mess	1	1
719644053319458817	15	25	n't	shit	1	0
719644053319458817	24	25	some	shit	3	1
719644053319458817	29	25	very	shit	2	0
776838842338844672	1	6	So	friend	2	0
740195694758244356	3	17	n't	crying	1	0
740195694758244356	13	17	not	crying	1	0
798681604013092865	2	4	n't	smiling	1	0
797421957306318848	10	2	n't	change	1	0
797421957306318848	10	5	n't	Change	1	0
720450471601823744	2	13	n't	LOVE	1	0
756482939442126851	4	14	so	lovely	2	0
756482939442126851	4	18	so	feeling	2	0
798062766137348096	15	16	More	Successful	2	1
733651176227377152	10	6	Absolutely	amazing	2	0
733651176227377152	10	11	Absolutely	brilliant	2	1
726453571944763392	2	9	n't	Sabotage	1	0
764442851195424774	1	2	Not	bad	1	1
764442851195424774	1	5	Not	calf	1	0
761419145980194817	5	10	so	happy	2	0
761419145980194817	5	15	so	happy	2	0
723640199981457408	9	8	more	enjoy	2	0
747478382401622016	8	1	n't	Feeling	1	0
788111497889247232	14	7	lot	grief	2	0
754207941943783424	1	2	NEVER	WATCH	1	1
754207941943783424	1	6	NEVER	SHIT	1	0
754207941943783424	7	2	SO	WATCH	2	0
754207941943783424	7	6	SO	SHIT	2	0
724664508321390592	3	1	Nobody	Dance	1	0
724664508321390592	3	10	Nobody	older	1	0
724664508321390592	3	15	Nobody	difficult	1	0
724664508321390592	14	1	more	Dance	2	0
724664508321390592	14	10	more	older	2	0
724664508321390592	14	15	more	difficult	2	1
783660564287483904	3	11	not	punished	1	0
783660564287483904	3	14	not	anger	1	0
789707524614172672	13	18	n't	alarm	1	0
782403185453531136	3	4	without	completion	1	1
782403185453531136	3	14	without	alive	1	0
776091951351394304	4	5	more	horrific	2	1
735232830486269952	4	5	so	funny	2	1
735232830486269952	4	9	so	love	2	0
745493960592785411	2	7	no	unhappy	1	0
745493960592785411	2	9	no	Gift	1	0
805092655805960193	12	19	more	shopping	2	0
762361992434753536	11	9	especially	fear	2	0
762361992434753536	11	12	especially	love	2	1
785695902115651584	20	13	not	cross	1	0
804797964929605632	1	8	So	good	2	0
804797964929605632	1	9	So	catch	2	0
772951876073615360	11	5	NOT	hospital	1	0
772951876073615360	11	13	NOT	accident	1	1
772951876073615360	11	14	NOT	avoiding	1	0
756964984454782981	1	2	FUCKING	KICK	2	1
764132989722763265	4	16	NOT	Bleeding	1	0
770715319396667392	13	8	not	sad	1	0
789457228893818880	9	3	n't	scare	1	0
783423632533880832	5	15	not	God	1	0
720256402443243520	8	11	n't	happy	1	0
720256402443243520	10	11	more	happy	2	1
770720781823254528	31	29	n't	Scary	1	0
777960826632142849	9	10	n't	waste	1	1
746160529136361472	10	7	literally	negative	2	0
777193298591158272	10	1	no	Respect	1	0
797959927167782912	3	17	n't	Bomber	1	0
745280743425851392	2	4	n't	Afraid	1	1
745280743425851392	2	7	n't	Fear	1	0
745280743425851392	2	9	n't	Death	1	0
754000754059448321	7	2	not	loving	1	0
777889779056795650	9	16	nothing	good	1	0
777889779056795650	9	20	nothing	Bad	1	0
777889779056795650	9	24	nothing	fun	1	0
777889779056795650	23	16	so	good	2	0
777889779056795650	23	24	so	fun	2	1
724083644101496832	3	4	perfectly	candid	2	1
766661124137840640	1	3	Without	humble	1	1
766661124137840640	1	6	Without	confidence	1	0
766661124137840640	1	15	Without	successful	1	0
766661124137840640	1	17	Without	happy	1	0
766661124137840640	13	3	not	humble	1	0
766661124137840640	13	6	not	confidence	1	0
766661124137840640	13	15	not	successful	1	1
766661124137840640	13	17	not	happy	1	1
772876195310415873	12	7	not	Godless	1	0
717341257832521728	6	14	not	success	1	0
717341257832521728	9	14	nor	success	1	0
803605746822840320	10	3	few	ashamed	3	0
753536735208886272	16	1	no	Late	1	0
751080475716878336	1	8	So	friends	2	0
743090040369221632	8	14	more	curse	2	0
761566098898710528	4	1	some	Omg	3	0
764558850770870272	5	15	so	damn	2	0
764558850770870272	5	16	so	good	2	0
764558850770870272	7	15	not	damn	1	0
764558850770870272	7	16	not	good	1	0
764558850770870272	14	15	so	damn	2	1
764558850770870272	14	16	so	good	2	1
755263229606100993	3	11	really	Trump	2	0
755263229606100993	3	18	really	deal	2	0
755263229606100993	20	11	Not	Trump	1	0
755263229606100993	20	18	Not	deal	1	0
767858998175465473	15	22	some	antagonist	3	0
769507021544624128	2	11	some	Love	3	0
779989105035907073	10	7	few	daughter	3	0
798454774827982848	13	3	lots	birthday	2	0
798454774827982848	13	15	lots	love	2	1
798454774827982848	13	21	lots	God	2	0
798454774827982848	13	22	lots	bless	2	0
790935475192205316	12	18	not	terrible	1	0
778318174353813504	2	3	absolutely	love	2	1
778318174353813504	2	13	absolutely	fall	2	0
803429522502717440	16	14	so	quote	2	0
803429522502717440	16	17	so	sad	2	1
767679936358342656	7	10	n't	happiness	1	0
719830601491214336	15	13	so	Love	2	1
760948550658293760	7	4	Never	Lesbian	1	0
760948550658293760	7	8	Never	Watch	1	1
760948550658293760	7	9	Never	Lesbian	1	0
760948550658293760	7	10	Never	Porn	1	0
760948550658293760	7	12	Never	Elite	1	0
758014372862013440	2	4	some	volunteer	3	1
758014372862013440	24	4	not	volunteer	1	0
747560759996059648	2	3	not	bout	1	1
784881895003783168	10	14	No	wanting	1	0
715179478549471232	4	1	not	Angry	1	0
715179478549471232	4	8	not	angry	1	0
803666310823493633	10	4	never	painful	1	0
775399403888730112	3	7	so	cancer	2	0
775399403888730112	3	10	so	beast	2	0
791040511771631621	6	9	so	joy	2	0
791040511771631621	6	22	so	John	2	0
798214835817222144	3	14	n't	blessed	1	0
782213877652152320	3	9	so	Trump	2	0
782213877652152320	3	12	so	degrading	2	0
782213877652152320	6	9	n't	Trump	1	0
782213877652152320	6	12	n't	degrading	1	0
720160213127421953	7	10	some	favorite	3	1
720160213127421953	16	10	NOT	favorite	1	0
796354552521846785	12	2	no	Happiness	1	0
796354552521846785	12	13	no	beauty	1	1
796354552521846785	14	13	without	beauty	1	0
796354552521846785	14	2	without	Happiness	1	0
795609885929078784	21	3	n't	fear	1	0
795609885929078784	21	28	n't	fire	1	0
768569125463531520	1	9	Perfectly	favorite	2	0
797042286957854720	3	2	doesnt	happiness	1	0
797042286957854720	3	27	doesnt	HAPPY	1	0
783358264369119232	3	1	so	Love	2	1
730479289133637636	16	1	so	Amazing	2	0
805456806831071232	3	12	almost	share	3	0
805456806831071232	13	12	some	share	3	0
799443964893900801	4	6	n't	virtuous	1	1
799443964893900801	4	20	n't	good	1	0
727248683876683780	6	7	so	happy	2	1
762975349974175744	5	13	Real	watch	2	0
751431386993754112	15	1	completely	Sick	2	0
751431386993754112	15	4	completely	stomach	2	0
751431386993754112	15	16	completely	unacceptable	2	1
751431386993754112	15	20	completely	Evil	2	0
781126957979271168	20	15	no	hostage	1	0
800847837483319297	9	19	rarely	funny	3	0
792950899647868928	18	9	some	Organization	3	0
792950899647868928	18	22	some	hating	3	0
720328492546670592	8	14	Not	Glad	1	0
780030093116792832	3	2	never	Happiness	1	0
790467617597321216	5	7	not	young	1	0
790467617597321216	5	11	not	suffering	1	0
790467617597321216	5	14	not	pay	1	0
719568634641825792	21	12	not	afraid	1	0
719568634641825792	21	14	not	Afraid	1	0
719568634641825792	21	19	not	afraid	1	0
719568634641825792	21	26	not	afraid	1	0
779564554351239168	13	11	n't	divorce	1	0
779564554351239168	13	14	n't	harm	1	1
756153136247627776	4	6	not	good	1	1
756153136247627776	4	12	not	good	1	0
756153136247627776	4	20	not	Unknown	1	0
784413148132495360	12	7	n't	shit	1	0
782658934180052992	1	4	so	happy	2	0
782658934180052992	1	6	so	happy	2	0
782658934180052992	1	12	so	happy	2	0
782658934180052992	1	14	so	Happy	2	0
782658934180052992	1	15	so	Love	2	0
782658934180052992	1	16	so	happy	2	0
782658934180052992	3	4	so	happy	2	1
782658934180052992	3	6	so	happy	2	0
782658934180052992	3	12	so	happy	2	0
782658934180052992	3	14	so	Happy	2	0
782658934180052992	3	15	so	Love	2	0
782658934180052992	3	16	so	happy	2	0
782658934180052992	5	4	so	happy	2	0
782658934180052992	5	6	so	happy	2	1
782658934180052992	5	12	so	happy	2	0
782658934180052992	5	14	so	Happy	2	0
782658934180052992	5	15	so	Love	2	0
782658934180052992	5	16	so	happy	2	0
741532073253580800	4	8	so	loss	2	0
801352108083740673	2	9	n't	good	1	0
754234856301731840	1	5	Never	surprising	1	0
798420198822907905	4	5	Incredibly	Successful	2	1
785580584269520896	13	7	so	birthday	2	0
785580584269520896	13	14	so	sweet	2	1
785580584269520896	13	19	so	love	2	0
785580584269520896	16	7	Very	birthday	2	0
785580584269520896	16	14	Very	sweet	2	0
785580584269520896	16	19	Very	love	2	1
742056997973987329	14	1	not	Hatred	1	0
742056997973987329	14	27	not	hate	1	0
781503225954496512	7	9	lack	mortuary	1	1
723658047017508864	12	6	so	happy	2	0
723658047017508864	12	13	so	happy	2	1
723658047017508864	12	22	so	safe	2	0
785982843847520256	8	2	nothing	clown	1	0
785982843847520256	8	9	nothing	funny	1	1
805774778909020161	3	12	n't	lost	1	0
719361100739792896	2	1	nothing	Expect	1	1
719361100739792896	2	16	nothing	perfect	1	0
745064553013186561	13	2	more	rejects	2	0
745064553013186561	13	5	more	gun	2	0
745064553013186561	13	9	more	Politics	2	0
782626364742656003	10	6	n't	disagreement	1	0
782626364742656003	10	14	n't	foul	1	0
794263989127675909	16	17	SO	blessed	2	1
804505823246512129	6	7	n't	score	1	1
737870939237568512	8	2	no	desert	1	0
737870939237568512	8	9	no	ambition	1	1
737870939237568512	8	12	no	shit	1	0
737870939237568512	27	12	no	shit	1	0
737870939237568512	27	2	no	desert	1	0
737870939237568512	27	9	no	ambition	1	0
744464774688346112	12	13	no	change	1	1
794653192881586178	1	2	Fucking	anxiety	2	1
766249559483908097	4	19	so	watch	2	0
766249559483908097	8	19	n't	watch	1	0
784067919160283136	3	6	truly	terrible	2	0
718626910486421504	7	4	so	young	2	0
718626910486421504	7	9	so	worrying	2	0
782067713174740993	15	1	some	Happy	3	0
782067713174740993	15	8	some	good	3	0
782067713174740993	15	12	some	treat	3	0
751520821030551552	3	4	so	unfair	2	1
772468028520865793	6	7	Without	Fire	1	1
772468028520865793	6	19	Without	create	1	0
772468028520865793	23	7	So	Fire	2	0
772468028520865793	23	19	So	create	2	0
772468028520865793	23	24	So	spread	2	0
772468028520865793	23	27	So	Love	2	0
749972911583326210	3	6	n't	apologize	1	1
749972911583326210	3	22	n't	Irate	1	0
749972911583326210	14	22	not	Irate	1	0
749972911583326210	14	6	not	apologize	1	0
772175359513092096	13	6	fucking	HILARIOUS	2	0
772062169605165057	11	4	thoroughly	Joy	2	0
772062169605165057	11	17	thoroughly	amazing	2	0
727629726324416514	7	8	so	glad	2	1
727629726324416514	7	10	so	finally	2	0
729083708993470464	22	11	some	watch	3	0
729083708993470464	22	18	some	found	3	0
756521431039614980	18	5	more	kind	2	0
753421978283941888	11	1	truly	Love	2	0
753421978283941888	11	12	truly	happy	2	1
737862432345980928	18	3	no	HATE	1	0
737862432345980928	18	19	no	good	1	1
802251887437299712	14	9	nearly	watch	3	0
802251887437299712	14	23	nearly	crushed	3	0
766624657738915840	10	11	so	happy	2	1
750893569531977729	11	4	really	surprise	2	0
781355428953354240	1	4	Some	shot	3	0
781355428953354240	1	8	Some	boy	3	0
792037776971616256	7	10	so	hunting	2	0
792037776971616256	7	12	so	Bad	2	0
755728624867799040	11	4	n't	lie	1	0
789210088296833024	6	2	No	Tough	1	0
742450725276536832	12	16	nothing	change	1	0
714553918060109825	4	3	no	guess	1	0
714553918060109825	4	6	no	battle	1	1
790996853823275008	4	5	So	Good	2	1
803773297305456640	2	3	VERY	MAD	2	1
781927848789495808	6	7	more	vivid	2	1
746397663055192064	4	7	lot	cheering	2	0
746397663055192064	13	7	n't	cheering	1	0
746397663055192064	11	7	really	cheering	2	0
787787738636492801	1	12	No	respect	1	0
787787738636492801	1	14	No	compassion	1	0
796119511678205954	9	10	no	romantic	1	1
738034021737893889	1	4	Never	hate	1	0
738034021737893889	1	13	Never	success	1	0
799538661540904960	6	17	not	subjected	1	0
799538661540904960	15	17	n't	subjected	1	1
799538661540904960	22	17	not	subjected	1	0
740501685844512768	33	1	rather	grieve	3	0
756795342482448384	19	6	real	perfect	2	0
780321959951425536	17	5	more	smile	2	0
734809156490690560	2	18	some	lost	3	0
745399446532284419	1	6	Nothing	perfect	1	0
745399446532284419	1	8	Nothing	love	1	0
745399446532284419	5	6	more	perfect	2	1
745399446532284419	5	8	more	love	2	0
766380860908134400	7	12	little	bloody	3	0
800691225573621760	7	14	without	Cross	1	0
800691225573621760	7	17	without	pretty	1	0
800691225573621760	7	20	without	good	1	0
800691225573621760	7	21	without	music	1	0
737709883601084416	13	6	lack	John	1	0
758896815651430400	8	4	really	perfect	2	0
758896815651430400	8	9	really	weird	2	1
779039036203671552	6	4	little	feeling	3	1
804077611941056517	3	11	not	punished	1	0
804077611941056517	3	14	not	anger	1	0
803254734115192832	6	11	Super	Joy	2	0
762398163479048192	2	1	Without	Happy	1	0
796444558422740993	2	3	n't	sweat	1	1
728913032143851520	6	4	so	loves	2	1
728913032143851520	6	12	so	share	2	0
728913032143851520	6	22	so	joy	2	0
717361310607024128	16	1	more	Good	2	0
717361310607024128	16	7	more	happy	2	0
747454469059686400	3	4	so	scared	2	1
747454469059686400	3	6	so	insult	2	0
747454469059686400	3	11	so	mouth	2	0
747454469059686400	3	17	so	hire	2	0
752864113865424896	11	4	more	happy	2	0
776508435911303168	4	5	so	happy	2	1
774798179229323264	4	2	not	Success	1	0
774798179229323264	4	7	not	failure	1	0
774798179229323264	4	10	not	fatal	1	0
774798179229323264	9	2	not	Success	1	0
774798179229323264	9	7	not	failure	1	0
774798179229323264	9	10	not	fatal	1	1
774882392825667584	8	9	some	silly	3	1
774882392825667584	13	14	n't	panic	1	1
753451516762161152	3	4	more	evil	2	1
753451516762161152	1	4	Nothing	evil	1	0
800896683169161216	10	6	more	football	2	0
782345956301893632	8	4	without	finally	1	0
782345956301893632	8	10	without	penalty	1	1
752574950163288064	2	3	bit	crazy	3	1
752574950163288064	2	10	bit	friend	3	0
764286878937939968	4	5	not	diminish	1	1
764286878937939968	4	15	not	hatred	1	0
764286878937939968	4	17	not	hatred	1	0
764286878937939968	4	21	not	love	1	0
764286878937939968	12	15	not	hatred	1	0
764286878937939968	12	17	not	hatred	1	0
764286878937939968	12	21	not	love	1	0
772017500636708864	4	15	some	hide	3	0
776548365462941696	3	4	so	sad	2	1
787834006070923264	1	8	No	row	1	0
776191316627644416	13	14	n't	scream	1	1
776191316627644416	13	18	n't	beautiful	1	0
770159554814353410	3	4	really	missing	2	1
770159554814353410	3	11	really	sad	2	0
783204528900415489	6	7	so	happy	2	1
768175739787055104	4	5	some	fire	3	1
804157417034543104	19	6	more	harass	2	0
804157417034543104	19	20	more	powerful	2	1
722111297043697664	6	4	not	journey	1	0
722111297043697664	6	8	not	destination	1	1
722111297043697664	6	22	not	journey	1	0
792841045285502977	4	5	without	laughter	1	1
792841045285502977	4	9	without	wasted	1	0
767930063744487425	7	4	n't	guess	1	0
805840191093084160	9	11	not	confined	1	1
769693651333025792	2	3	so	sad	2	1
769693651333025792	2	1	so	OMG	2	0
797311884873506816	4	5	little	star	3	1
764244977392181249	13	14	so	sick	2	1
764244977392181249	13	11	so	Sick	2	0
735226494428053505	6	7	more	violently	2	1
735226494428053505	6	11	more	kick	2	0
735226494428053505	6	15	more	lost	2	0
735226494428053505	6	22	more	ignorant	2	0
762156847738396674	11	12	n't	fear	1	1
762156847738396674	11	13	n't	death	1	0
718177148289179648	18	21	LACK	Freedom	1	1
760210610994851840	8	9	some	good	3	0
760210610994851840	8	10	some	food	3	1
798572934449205248	2	6	so	love	2	1
750441981441142784	1	2	So	thankful	2	1
750441981441142784	1	10	So	God	2	0
794736138875506688	9	10	radically	change	2	1
746977400039309312	7	8	No	opposition	1	1
746977400039309312	15	8	bit	opposition	3	0
735848918454525953	4	16	not	save	1	0
735848918454525953	15	16	n't	save	1	1
764395208461004800	9	7	not	winner	1	0
764395208461004800	9	11	not	victim	1	1
727553077247619072	23	24	some	amazing	3	1
767069850762031104	7	3	n't	crazy	1	0
767069850762031104	7	10	n't	pain	1	0
767069850762031104	26	3	so	crazy	2	0
767069850762031104	26	10	so	pain	2	0
787346353638760448	4	19	so	worry	2	0
787346353638760448	11	19	so	worry	2	0
787346353638760448	15	19	no	worry	1	0
785270226304831488	5	13	more	baby	2	0
790569839572217856	12	7	so	watch	2	0
790569839572217856	12	9	so	child	2	0
790569839572217856	13	7	purely	watch	2	0
790569839572217856	13	9	purely	child	2	0
770352415677841408	10	4	never	hate	1	0
770352415677841408	10	18	never	hatred	1	0
770352415677841408	10	26	never	young	1	0
731547560561774592	2	7	not	sun	1	0
731547560561774592	2	10	not	beautiful	1	0
726508472263647232	3	4	some	sunshine	3	1
732422928445280259	14	9	so	amazing	2	0
732422928445280259	14	12	so	love	2	1